,loss,conv,dataset,train acc micro,test acc micro,train acc macro,test acc macro
0,LapEigen,GCN,Cornell,0.6201550387596899,0.5833333333333334,0.3352997285200675,0.3011111111111111
1,LapEigen,GAT,Cornell,0.627906976744186,0.5277777777777778,0.3357056736367081,0.1727272727272727
2,LapEigen,SAGE,Cornell,0.6124031007751938,0.5833333333333334,0.3517817014446227,0.3166208791208791
3,LapEigen,GCN,Texas,0.7596899224806202,0.5555555555555556,0.6857643870556352,0.300556586270872
4,LapEigen,GAT,Texas,0.5426356589147286,0.5277777777777778,0.1407035175879397,0.1727272727272727
5,LapEigen,SAGE,Texas,0.7054263565891473,0.5555555555555556,0.4322215074420367,0.2541208791208791
6,LapEigen,GCN,Wisconsin,0.5909090909090909,0.48,0.32801937942559,0.2192164179104477
7,LapEigen,GAT,Wisconsin,0.6193181818181818,0.52,0.3945210727969348,0.2647385984427141
8,LapEigen,SAGE,Wisconsin,0.6306818181818182,0.68,0.4213376549076346,0.4890552995391705
9,LapEigen,GCN,Actor,0.348994549896636,0.3008558262014483,0.3007941590766474,0.2555915389456427
10,LapEigen,GAT,Actor,0.3429806427363278,0.2969058591178407,0.2872421970645289,0.2454337956888437
11,LapEigen,SAGE,Actor,0.3553843262544634,0.3377221856484529,0.3100823759220967,0.2855373026593419
12,LapEigen,GCN,Pubmed,0.5970873786407767,0.5828049708343901,0.5408099047469852,0.5345697347559791
13,LapEigen,GAT,Pubmed,0.7637298942182292,0.7486685265026629,0.7530583040006679,0.7408838510793511
14,LINE,GCN,Cornell,0.5503875968992248,0.4722222222222222,0.1691246684350132,0.160377358490566
15,LINE,GAT,Cornell,0.5658914728682171,0.4722222222222222,0.1837873976266087,0.160377358490566
16,LINE,SAGE,Cornell,0.8139534883720931,0.6388888888888888,0.7524819803852061,0.4712512664640323
17,LINE,GCN,Texas,0.5426356589147286,0.5277777777777778,0.1407035175879397,0.1727272727272727
18,LINE,GAT,Texas,0.5426356589147286,0.5277777777777778,0.1407035175879397,0.1727272727272727
19,LINE,SAGE,Texas,0.9224806201550388,0.7222222222222222,0.7289850020203301,0.5631484794275492
20,LINE,GCN,Wisconsin,0.4829545454545454,0.5,0.1302681992337165,0.1666666666666666
21,LINE,GAT,Wisconsin,0.4829545454545454,0.5,0.1517753677016788,0.1666666666666666
22,LINE,SAGE,Wisconsin,0.8465909090909091,0.8000000000000002,0.7211070317453296,0.6263616557734205
23,LINE,GCN,Actor,0.356136064649502,0.2969058591178407,0.3177098671298394,0.2632406618925961
24,LINE,GAT,Actor,0.3230595752678068,0.2916392363396972,0.2637121457193011,0.2356087761443238
25,LINE,SAGE,Actor,0.3760571321180229,0.3212639894667544,0.346583457333014,0.2927356339126191
26,GraphFactorization,GCN,Cornell,0.6046511627906976,0.5,0.5202176941832114,0.238095238095238
27,GraphFactorization,GAT,Cornell,0.6434108527131783,0.5,0.3972863192463918,0.2259615384615384
28,GraphFactorization,SAGE,Cornell,0.5736434108527132,0.5277777777777778,0.2584375114030287,0.1727272727272727
29,GraphFactorization,GCN,Texas,0.7364341085271318,0.5833333333333334,0.5119664570230608,0.3809523809523809
30,GraphFactorization,GAT,Texas,0.6744186046511628,0.6388888888888888,0.3971719095225888,0.4706521739130435
31,GraphFactorization,SAGE,Texas,0.6046511627906976,0.5277777777777778,0.2565295169946332,0.2568027210884354
32,GraphFactorization,GCN,Wisconsin,0.7045454545454546,0.6,0.5933480382242896,0.2782407407407407
33,GraphFactorization,GAT,Wisconsin,0.6988636363636364,0.62,0.602732830067683,0.398799826219181
34,GraphFactorization,SAGE,Wisconsin,0.715909090909091,0.64,0.6549288285990552,0.3818181818181818
35,GraphFactorization,GCN,Actor,0.3508738958842323,0.2857142857142857,0.3121588832815348,0.2542832864450174
36,GraphFactorization,GAT,Actor,0.3572636722420597,0.3159973666886109,0.3183377246691791,0.2859826426456424
37,GraphFactorization,SAGE,Actor,0.3798158240932155,0.3699802501645819,0.3385683864905704,0.3321580534720526
38,LapEigen,GCN,squirrel,0.298269706124691,0.1875,0.2890093318582873,0.1757106480904097
39,LapEigen,GAT,squirrel,0.3861576489975281,0.2230769230769231,0.3846713444423829,0.2217453172250736
40,LapEigen,SAGE,squirrel,0.3732491073880802,0.2740384615384615,0.3639930577858687,0.266935008288092
41,LINE,GCN,squirrel,0.3460587750617962,0.2317307692307692,0.3312185985716808,0.2171284198018113
42,LINE,GAT,squirrel,0.2716286734413622,0.2173076923076923,0.2683595570921415,0.1950690974874679
43,LINE,SAGE,squirrel,0.3488052732765723,0.2605769230769231,0.3164638903092823,0.2027934502264591
44,GraphFactorization,GCN,squirrel,0.3496292227410052,0.2413461538461538,0.347909039132617,0.2400444672717434
45,GraphFactorization,GAT,squirrel,0.3606152156001098,0.2576923076923076,0.3573924723933751,0.2452376779628465
46,GraphFactorization,SAGE,squirrel,0.366932161494095,0.25,0.3247180259671799,0.1831916200579013
47,HOPE_CN,GCN,squirrel,0.3320516341664378,0.2163461538461538,0.323223483518232,0.2073147067227141
48,HOPE_AA,GCN,squirrel,0.2845372150508102,0.2192307692307692,0.2703970008239499,0.209607569913916
49,HOPE_AA,GAT,squirrel,0.3430376270255424,0.2644230769230769,0.3429856948126329,0.2545381829731587
50,HOPE_AA,SAGE,squirrel,0.3271079373798407,0.248076923076923,0.2542337763099077,0.1567990076992557
51,HOPE_RPR,GCN,squirrel,0.3139247459489151,0.2365384615384615,0.3129285043626976,0.2339284802106455
52,HOPE_Katz,GCN,squirrel,0.3136500961274375,0.2086538461538461,0.2925517943150475,0.1909962438997852
53,HOPE_CN,GAT,squirrel,0.338368580060423,0.2182692307692307,0.3372818311372191,0.2104353362938393
54,HOPE_CN,SAGE,squirrel,0.397692941499588,0.2442307692307692,0.3860416423018441,0.2233897806059014
55,HOPE_RPR,GAT,squirrel,0.3751716561384235,0.2682692307692307,0.3758347751241184,0.2637212859809233
56,HOPE_RPR,SAGE,squirrel,0.3353474320241691,0.25,0.2773446008702157,0.1865205562220539
57,HOPE_Katz,SAGE,squirrel,0.3353474320241691,0.2230769230769231,0.319710457199194,0.1672600449329902
58,VERSE_PPR,GCN,squirrel,0.3413897280966767,0.2240384615384615,0.3410075479871532,0.2236330450594349
59,VERSE_Adj,GCN,squirrel,0.3422136775611096,0.2346153846153846,0.3408921956965641,0.2327268191045281
60,VERSE_Adj,GAT,squirrel,0.3416643779181543,0.2144230769230769,0.3407011152490392,0.2120009848118068
61,VERSE_Adj,SAGE,squirrel,0.3641856632793189,0.2509615384615384,0.3300153892880635,0.1846880244456922
62,VERSE_Adj,GCN,Cornell,0.5581395348837209,0.5,0.1878079710144927,0.1666666666666666
63,VERSE_Adj,GAT,Cornell,0.6201550387596899,0.4166666666666667,0.2985552865213882,0.15625
64,VERSE_Adj,SAGE,Cornell,0.8682170542635659,0.6388888888888888,0.6809314954051795,0.4786255411255411
65,VERSE_Adj,GCN,Texas,0.6589147286821705,0.5555555555555556,0.3324577711144428,0.2789855072463768
66,VERSE_Adj,GAT,Texas,0.6744186046511628,0.5555555555555556,0.3713464696223316,0.2930555555555555
67,VERSE_Adj,SAGE,Texas,0.6821705426356589,0.5833333333333334,0.3781364775340679,0.3086734693877551
68,VERSE_Adj,GCN,Wisconsin,0.5681818181818182,0.54,0.3476299260013037,0.3002645502645502
69,VERSE_Adj,GAT,Wisconsin,0.6647727272727273,0.72,0.4850952207539246,0.3814241486068111
70,VERSE_Adj,SAGE,Wisconsin,0.8920454545454546,0.88,0.8296703296703296,0.7962121212121211
71,VERSE_Adj,GCN,Actor,0.339785754557414,0.2922975641869651,0.2940536065232813,0.2466593277499988
72,VERSE_Adj,GAT,Actor,0.3414771659462507,0.3120473996050033,0.2875063763708071,0.2621225638100301
73,VERSE_Adj,SAGE,Actor,0.3920315730125915,0.3469387755102041,0.3609008656190297,0.3122362386579668
74,VERSE_PPR,GCN,Cornell,0.6046511627906976,0.4722222222222222,0.3178409825468649,0.2188208616780045
75,VERSE_PPR,GAT,Cornell,0.5891472868217055,0.4722222222222222,0.2527723235156615,0.160377358490566
76,VERSE_PPR,SAGE,Cornell,0.5426356589147286,0.5277777777777778,0.1407035175879397,0.1727272727272727
77,VERSE_PPR,GCN,Texas,0.689922480620155,0.6666666666666666,0.557387518142235,0.3850931677018633
78,VERSE_PPR,GAT,Texas,0.5581395348837209,0.5,0.2050933786078098,0.1666666666666666
79,VERSE_PPR,SAGE,Texas,0.7131782945736435,0.6111111111111112,0.452075459813555,0.3302411873840445
80,VERSE_PPR,GCN,Wisconsin,0.5965909090909091,0.58,0.4317158014399394,0.2564102564102564
81,VERSE_PPR,GAT,Wisconsin,0.6193181818181818,0.68,0.3698829323346843,0.3732142857142857
82,VERSE_PPR,SAGE,Wisconsin,0.8579545454545454,0.88,0.8166820348554096,0.7036878216123499
83,VERSE_PPR,GAT,squirrel,0.3685800604229606,0.1990384615384615,0.3659177387336824,0.1891907925546814
84,VERSE_PPR,SAGE,squirrel,0.3317769843449601,0.2413461538461538,0.2705138123516549,0.1694966575776233
85,DeepWalk,GCN,squirrel,0.3493545729195276,0.2336538461538461,0.344053622448903,0.2265437734278708
86,APP,GCN,Actor,0.2988160120278143,0.2699144173798551,0.1937615991455209,0.1782694209265677
87,APP,GAT,Actor,0.3206164254839316,0.2817643186306781,0.2393221044717862,0.2165046668491973
88,APP,SAGE,Actor,0.3839503852659274,0.3390388413429888,0.3504375630185146,0.3016964995697578
89,VERSE_SR,GCN,Texas,0.751937984496124,0.6111111111111112,0.7031621797283891,0.309090909090909
90,VERSE_SR,GAT,Texas,0.6124031007751938,0.5277777777777778,0.3234871794871795,0.1759259259259259
91,VERSE_SR,SAGE,Texas,0.8527131782945736,0.6666666666666666,0.6596954571302205,0.432224025974026
92,HOPE_CN,GCN,Cornell,0.5426356589147286,0.5277777777777778,0.1407035175879397,0.1727272727272727
93,HOPE_CN,GAT,Cornell,0.6046511627906976,0.4444444444444444,0.3311467808097021,0.1599999999999999
94,HOPE_CN,SAGE,Cornell,0.6434108527131783,0.6388888888888888,0.5713628899835796,0.3605442176870748
95,HOPE_CN,GCN,Texas,0.627906976744186,0.6388888888888888,0.3638475273150195,0.4456521739130434
96,HOPE_CN,GAT,Texas,0.6434108527131783,0.6388888888888888,0.38080452690979,0.4809565434565434
97,HOPE_CN,SAGE,Texas,0.7209302325581395,0.6388888888888888,0.5031805020199748,0.5254790940766552
98,HOPE_CN,GCN,Wisconsin,0.6022727272727273,0.58,0.396304023616302,0.3100621820237422
99,HOPE_CN,GAT,Wisconsin,0.5568181818181818,0.7,0.3418336001897645,0.4349137931034482
100,HOPE_CN,SAGE,Wisconsin,0.7727272727272727,0.76,0.5652909253419229,0.4249999999999999
101,HOPE_CN,GCN,Actor,0.3347115203909039,0.271889400921659,0.2989247632753135,0.2391483028534197
102,HOPE_CN,GAT,Actor,0.3474910731065589,0.3080974325213956,0.2952766505839846,0.2635371797633193
103,HOPE_CN,SAGE,Actor,0.3909039654200338,0.3285055957867018,0.3638384297909124,0.3066611491099189
104,HOPE_AA,GCN,Cornell,0.5426356589147286,0.5277777777777778,0.1407035175879397,0.1727272727272727
105,HOPE_AA,GAT,Cornell,0.5581395348837209,0.4166666666666667,0.2274594769159987,0.15
106,HOPE_AA,SAGE,Cornell,0.6356589147286822,0.5277777777777778,0.3526984126984127,0.1759259259259259
107,HOPE_AA,GCN,Texas,0.6511627906976745,0.5555555555555556,0.3689475987791946,0.2541208791208791
108,HOPE_AA,GAT,Texas,0.5968992248062015,0.4722222222222222,0.3028927875243664,0.2754287056612637
109,HOPE_AA,SAGE,Texas,0.6124031007751938,0.5277777777777778,0.2629151495089926,0.2568027210884354
110,HOPE_AA,GCN,Wisconsin,0.5511363636363636,0.54,0.3136184251532596,0.2692307692307693
111,HOPE_AA,GAT,Wisconsin,0.5227272727272727,0.5,0.2433333333333333,0.2241791044776119
112,HOPE_AA,SAGE,Wisconsin,0.6306818181818182,0.64,0.4163809523809524,0.3352272727272727
113,HOPE_AA,GCN,Actor,0.3367788009772599,0.292955892034233,0.2802839018601575,0.2413000890552092
114,HOPE_AA,GAT,Actor,0.3523773726743093,0.2699144173798551,0.304459813673141,0.2308798432956593
115,HOPE_AA,SAGE,Actor,0.3747415899267055,0.3561553653719552,0.3255235703875747,0.3107044850469307
116,HOPE_RPR,GCN,Cornell,0.8139534883720931,0.6111111111111112,0.8023062558356676,0.4478571428571428
117,HOPE_RPR,GAT,Cornell,0.7674418604651162,0.6111111111111112,0.5613261093911249,0.4035364145658263
118,HOPE_RPR,SAGE,Cornell,0.9069767441860463,0.6111111111111112,0.7103919372900337,0.3529411764705882
119,HOPE_RPR,GCN,Texas,0.7364341085271318,0.6944444444444444,0.4768745973531628,0.5282467532467533
120,HOPE_RPR,GAT,Texas,0.8682170542635659,0.5555555555555556,0.8043130904183535,0.3
121,HOPE_RPR,SAGE,Texas,0.9844961240310076,0.75,0.7923050498110615,0.6158730158730159
122,HOPE_RPR,GCN,Wisconsin,0.7102272727272727,0.6,0.67,0.3123157894736842
123,HOPE_RPR,GAT,Wisconsin,0.5454545454545454,0.5,0.3143439500608284,0.2448717948717949
124,HOPE_RPR,SAGE,Wisconsin,0.9715909090909092,0.88,0.9670146842350912,0.7676082761578044
125,HOPE_RPR,GCN,Actor,0.3583912798346176,0.3015141540487163,0.3177729779355892,0.2652246474964184
126,HOPE_RPR,GAT,Actor,0.3574516068408194,0.293614219881501,0.3216753422659096,0.2617175108341147
127,HOPE_RPR,SAGE,Actor,0.3760571321180229,0.336405529953917,0.3364285883961002,0.2921786111008762
128,HOPE_Katz,GCN,Cornell,0.5426356589147286,0.5277777777777778,0.1407035175879397,0.1727272727272727
129,HOPE_Katz,GAT,Cornell,0.5426356589147286,0.5277777777777778,0.1551020408163265,0.1727272727272727
130,HOPE_Katz,SAGE,Cornell,0.5658914728682171,0.5277777777777778,0.2329545454545454,0.1759259259259259
131,HOPE_Katz,GCN,Texas,0.5426356589147286,0.5277777777777778,0.1407035175879397,0.3290043290043289
132,HOPE_Katz,GAT,Texas,0.5891472868217055,0.5277777777777778,0.2276160990712074,0.1727272727272727
133,HOPE_Katz,SAGE,Texas,0.7209302325581395,0.6944444444444444,0.4469738622457823,0.6004794663331249
134,HOPE_Katz,GCN,Wisconsin,0.5909090909090909,0.54,0.3433938106134902,0.2857142857142857
135,HOPE_Katz,GAT,Wisconsin,0.5397727272727273,0.62,0.3058722660233225,0.3392564242755604
136,HOPE_Katz,SAGE,Wisconsin,0.6136363636363636,0.6,0.3173459646030697,0.2898550724637681
137,HOPE_Katz,GCN,Actor,0.3572636722420597,0.2962475312705727,0.3201341548903821,0.2594340338771091
138,HOPE_Katz,GAT,Actor,0.3535049802668671,0.2988808426596445,0.3203085374348909,0.2642451316437151
139,HOPE_Katz,SAGE,Actor,0.3952264611915053,0.3357472021066491,0.3625591625896652,0.3081025821991007
140,DeepWalk,GCN,Cornell,0.8217054263565892,0.5833333333333334,0.808009768009768,0.4489130434782609
141,DeepWalk,GAT,Cornell,0.6821705426356589,0.5555555555555556,0.4479498607754302,0.3278388278388278
142,DeepWalk,SAGE,Cornell,0.8449612403100775,0.5833333333333334,0.842077922077922,0.3460111317254174
143,DeepWalk,GCN,Texas,0.7286821705426357,0.6388888888888888,0.4591562722302262,0.4628787878787878
144,DeepWalk,GAT,Texas,0.7364341085271318,0.6666666666666666,0.4504341736694678,0.482051282051282
145,DeepWalk,SAGE,Texas,0.6744186046511628,0.5277777777777778,0.3819755276766937,0.316260162601626
146,DeepWalk,GCN,Wisconsin,0.7329545454545454,0.56,0.6421459018389963,0.4049645390070923
147,DeepWalk,GAT,Wisconsin,0.6988636363636364,0.54,0.6083282182438193,0.2497297297297297
148,DeepWalk,SAGE,Wisconsin,0.8977272727272727,0.8599999999999999,0.8675706599587742,0.549404761904762
149,LapEigen,GCN,Cornell,0.6124031007751938,0.5833333333333334,0.31913772691397,0.3112745098039216
150,APP,GCN,Cornell,0.5426356589147286,0.5277777777777778,0.1407035175879397,0.1727272727272727
151,APP,GAT,Cornell,0.5426356589147286,0.5277777777777778,0.1407035175879397,0.1727272727272727
152,APP,SAGE,Cornell,0.5426356589147286,0.5277777777777778,0.1407035175879397,0.1727272727272727
153,APP,GCN,Texas,0.6046511627906976,0.5833333333333334,0.2536585365853658,0.3028846153846153
154,APP,GAT,Texas,0.5426356589147286,0.5277777777777778,0.1407035175879397,0.1727272727272727
155,APP,SAGE,Texas,0.8449612403100775,0.6666666666666666,0.6370995670995672,0.4208074534161491
156,APP,GCN,Wisconsin,0.5170454545454546,0.52,0.216062331435421,0.2541310541310541
157,APP,GAT,Wisconsin,0.4715909090909091,0.46,0.1281853281853281,0.1575342465753424
158,APP,SAGE,Wisconsin,0.8181818181818182,0.82,0.6630692511477925,0.7084293394777266
159,Node2Vec,GCN,Cornell,0.7751937984496124,0.5833333333333334,0.7642145139891359,0.4221230158730158
160,Node2Vec,GAT,Cornell,0.6666666666666666,0.5277777777777778,0.3947779622754155,0.2286324786324786
161,Node2Vec,SAGE,Cornell,0.9844961240310076,0.6111111111111112,0.9844058137645748,0.3914656771799628
162,Node2Vec,GCN,Texas,0.751937984496124,0.6666666666666666,0.4887844611528821,0.4228678929765886
163,Node2Vec,GAT,Texas,0.7131782945736435,0.5833333333333334,0.4014503696712285,0.358531746031746
164,Node2Vec,SAGE,Texas,0.9069767441860463,0.75,0.9142880928595212,0.6046453546453546
165,Node2Vec,GCN,Wisconsin,0.75,0.6,0.6966749958354156,0.3491764705882353
166,Node2Vec,GAT,Wisconsin,0.7102272727272727,0.54,0.6393196920626018,0.2365591397849462
167,Node2Vec,SAGE,Wisconsin,0.8579545454545454,0.8000000000000002,0.8104931300583476,0.5158135981665393
168,VERSE_SR,GCN,Cornell,0.5891472868217055,0.5,0.259463960447567,0.2467948717948717
169,VERSE_SR,GAT,Cornell,0.6124031007751938,0.5,0.3150119693730241,0.2259615384615384
170,VERSE_SR,SAGE,Cornell,0.5503875968992248,0.5277777777777778,0.1567987567987568,0.1759259259259259
171,VERSE_SR,GCN,Wisconsin,0.6306818181818182,0.6,0.4715763906258659,0.3583877995642702
172,VERSE_SR,GAT,Wisconsin,0.625,0.68,0.4964016003401442,0.3983164983164983
173,VERSE_SR,SAGE,Wisconsin,0.8409090909090909,0.72,0.7729290617848971,0.3835526315789474
174,Force2Vec,GCN,Cornell,0.8217054263565892,0.75,0.80673238462877,0.6717995169082125
175,Force2Vec,GAT,Cornell,0.7131782945736435,0.5277777777777778,0.5165216213271133,0.2969841269841269
176,Force2Vec,SAGE,Cornell,0.8992248062015503,0.6944444444444444,0.6892648951472482,0.5773809523809523
177,Force2Vec,GCN,Texas,0.7054263565891473,0.6111111111111112,0.3903949645948072,0.4014285714285713
178,Force2Vec,GAT,Texas,0.689922480620155,0.5,0.3909090909090909,0.2575757575757575
179,Force2Vec,SAGE,Texas,0.9147286821705426,0.75,0.6914367451730371,0.6334010840108402
180,Force2Vec,GCN,Wisconsin,0.7954545454545455,0.58,0.7313872556809153,0.3761599511599512
181,Force2Vec,GAT,Wisconsin,0.6875,0.58,0.6236074309322391,0.2627450980392157
182,Force2Vec,SAGE,Wisconsin,0.9147727272727272,0.9,0.9020993788819875,0.8286878216123499
183,DeepWalk,GCN,Cora,0.916139,0.844732,0.90952,0.823888
184,DeepWalk,GAT,Cora,0.864451,0.828096,0.854583,0.806252
185,DeepWalk,SAGE,Cora,0.917722,0.787431,0.915103,0.749743
186,Force2Vec,GCN,Cora,0.9045358649789028,0.878003696857671,0.8956039602145144,0.860953886701953
187,Force2Vec,GAT,Cora,0.8834388185654009,0.8521256931608133,0.8735994704390642,0.8271753597404704
188,Force2Vec,SAGE,Cora,0.944620253164557,0.8114602587800369,0.9403996151147318,0.7677272377022238
189,Force2Vec,GCN,Citeseer,0.8119364534134822,0.7609022556390979,0.7884066780409063,0.7273318493874975
190,Force2Vec,GAT,Citeseer,0.7977672820953199,0.7263157894736842,0.7687081979271236,0.6833689157035546
191,Force2Vec,SAGE,Citeseer,0.807213396307428,0.7639097744360903,0.7777308260973071,0.725210432379184
192,VERSE_Adj,GCN,Cora,0.435126582278481,0.432532347504621,0.3148403493390549,0.2758223988545741
193,VERSE_Adj,GAT,Cora,0.5485232067510548,0.5360443622920518,0.4993526334202017,0.4218933796258755
194,VERSE_Adj,SAGE,Cora,0.5975738396624473,0.5212569316081331,0.5967035981395191,0.4535967992740183
195,VERSE_Adj,GCN,Citeseer,0.2614856161442679,0.2285714285714285,0.1324000283982194,0.1266568692810493
196,VERSE_Adj,GAT,Citeseer,0.334907685702018,0.3097744360902256,0.2192462861002212,0.2201742575523658
197,VERSE_Adj,SAGE,Citeseer,0.4860455130957492,0.5067669172932331,0.4451933361870781,0.4510964556082759
198,VERSE_SR,GCN,Cora,0.8132911392405063,0.7948243992606285,0.8026043293592972,0.7724491751763216
199,VERSE_SR,GAT,Cora,0.7974683544303798,0.7227356746765251,0.7848695449532597,0.6961366711688844
200,VERSE_SR,SAGE,Cora,0.8117088607594938,0.7171903881700554,0.809739515525054,0.6915615935923901
201,VERSE_SR,GCN,Citeseer,0.6616573636753972,0.6932330827067669,0.5881373046167813,0.6156806856263419
202,VERSE_SR,GAT,Citeseer,0.6753971661657364,0.7097744360902256,0.6033703072573103,0.6341508061291197
203,VERSE_SR,SAGE,Citeseer,0.7123228853585228,0.6766917293233082,0.6810596781471725,0.6268872243340577
204,VERSE_PPR,GCN,Cora,0.830168776371308,0.8003696857670979,0.8186674739393007,0.7829260297180312
205,VERSE_PPR,GAT,Cora,0.8085443037974683,0.743068391866913,0.7996234579925581,0.6926650062542272
206,VERSE_PPR,SAGE,Cora,0.8481012658227848,0.7227356746765251,0.8434160778766432,0.6829976650306574
207,VERSE_PPR,GCN,Citeseer,0.6788321167883211,0.7233082706766916,0.5974651274754283,0.6333645706032028
208,VERSE_PPR,GAT,Citeseer,0.6728209531987978,0.7112781954887217,0.5865846497135203,0.6211440401198874
209,VERSE_PPR,SAGE,Citeseer,0.72992700729927,0.718796992481203,0.700717565729185,0.6676138736574706
210,LINE,GCN,Cora,0.3095991561181435,0.3345656192236599,0.1119457007096095,0.1085678457429483
211,LINE,GAT,Cora,0.330168776371308,0.2828096118299446,0.1590696231827839,0.0880296255500358
212,LINE,SAGE,Cora,0.4472573839662447,0.3271719038817005,0.4175517768335378,0.1972934673203162
213,LINE,GCN,Citeseer,0.2546157148990983,0.2345864661654135,0.1227894897944171,0.1231380379469551
214,LINE,GAT,Citeseer,0.2528982395878059,0.1864661654135338,0.1465254477336042,0.1178161612270394
215,LINE,SAGE,Citeseer,0.4182052382996994,0.3413533834586466,0.3930273670468419,0.2978939635590122
216,GraphFactorization,GCN,Cora,0.8834388185654009,0.833641404805915,0.8751668558605036,0.8051335542906385
217,GraphFactorization,GAT,Cora,0.8586497890295359,0.7966728280961184,0.8489621029976424,0.7763506225163403
218,GraphFactorization,SAGE,Cora,0.8713080168776371,0.7763401109057301,0.8628531836981826,0.7429731297749965
219,GraphFactorization,GCN,Citeseer,0.7535422928295405,0.7368421052631579,0.7078116629717761,0.6804396562268015
220,GraphFactorization,GAT,Citeseer,0.7668527264920566,0.7368421052631579,0.722349302133666,0.6742676879530056
221,GraphFactorization,SAGE,Citeseer,0.686560755689137,0.6255639097744361,0.6327954813193961,0.5630977524957478
222,HOPE_CN,GCN,Cora,0.8871308016877637,0.8077634011090573,0.8840213542603835,0.7776073926010209
223,HOPE_CN,GAT,Cora,0.8707805907172996,0.822550831792976,0.8609037290980928,0.791397414888305
224,HOPE_CN,SAGE,Cora,0.8681434599156118,0.711645101663586,0.8607968979702699,0.6657678688237337
225,HOPE_CN,GCN,Citeseer,0.7410905968226706,0.7233082706766916,0.7016312477863894,0.670503850597921
226,HOPE_CN,GAT,Citeseer,0.7458136539287248,0.7082706766917293,0.7064556434079087,0.6630050741177366
227,HOPE_CN,SAGE,Citeseer,0.7191927866036927,0.5729323308270676,0.6719155073626192,0.534273447066761
228,HOPE_AA,GCN,Cora,0.8744725738396625,0.8373382624768947,0.8644269315855277,0.8187472343276714
229,HOPE_AA,GAT,Cora,0.885548523206751,0.8354898336414047,0.8734410971067652,0.796151520668648
230,HOPE_AA,SAGE,Cora,0.8438818565400844,0.7578558225508318,0.8386212056393798,0.7176161186408431
231,HOPE_AA,GCN,Citeseer,0.7406612279948476,0.7353383458646616,0.6843794804527673,0.6695200434609996
232,HOPE_AA,GAT,Citeseer,0.7496779733791326,0.7398496240601504,0.6970228672030029,0.6692728416058941
233,HOPE_AA,SAGE,Citeseer,0.6809789609274367,0.6360902255639098,0.6355039011838054,0.5886571953067291
234,HOPE_RPR,GCN,Cora,0.9045358649789028,0.8632162661737522,0.8955173007768616,0.8431072181803954
235,HOPE_RPR,GAT,Cora,0.9087552742616034,0.8539741219963033,0.9003442858686139,0.8214818709853086
236,HOPE_RPR,SAGE,Cora,0.8285864978902954,0.7523105360443623,0.8167616951192965,0.6792766405972419
237,HOPE_RPR,GCN,Citeseer,0.7604121940747102,0.7578947368421053,0.7089517917632087,0.6890024077562479
238,HOPE_RPR,GAT,Citeseer,0.772434521253757,0.7428571428571429,0.7240035745332719,0.6858910754870983
239,HOPE_RPR,SAGE,Citeseer,0.7063117217689996,0.687218045112782,0.6290396986813643,0.6044952248512193
240,HOPE_Katz,GCN,Cora,0.8523206751054853,0.7855822550831792,0.8450707705338603,0.7630930923425445
241,HOPE_Katz,GAT,Cora,0.8539029535864979,0.7855822550831792,0.8463407525913754,0.7524109257434857
242,HOPE_Katz,SAGE,Cora,0.8412447257383966,0.6229205175600739,0.8299601948127717,0.5897655412364361
243,HOPE_Katz,GCN,Citeseer,0.6955775010734221,0.687218045112782,0.6084635051491687,0.6043882039676909
244,HOPE_Katz,GAT,Citeseer,0.72992700729927,0.7007518796992481,0.6625249868916122,0.6292961279024243
245,HOPE_Katz,SAGE,Citeseer,0.7161872048089307,0.6090225563909775,0.6455201351281881,0.5541972420454715
246,Node2Vec,GCN,Cora,0.9140295358649788,0.8613678373382625,0.909085599668802,0.8432875620998094
247,Node2Vec,GAT,Cora,0.8539029535864979,0.7911275415896488,0.839282968352487,0.749968684328862
248,Node2Vec,SAGE,Cora,0.9061181434599156,0.8077634011090573,0.8995710028957509,0.7768279822260873
249,Node2Vec,GCN,Citeseer,0.7844568484328038,0.7699248120300752,0.7572007071428102,0.7269814199376142
250,Node2Vec,GAT,Citeseer,0.7659939888364105,0.7218045112781954,0.7266274658569655,0.6726965445942796
251,Node2Vec,SAGE,Citeseer,0.7904680120223272,0.7639097744360903,0.7629334855130612,0.7242172276720874
252,DeepWalk,GCN,Citeseer,0.8016316015457277,0.7714285714285715,0.7751662520694084,0.7240622686119046
253,APP,GCN,Cora,0.2943037974683544,0.3142329020332717,0.075847079143852,0.0745713796561254
254,APP,GAT,Cora,0.3169831223628692,0.2902033271719039,0.1350931370206221,0.0810765334746426
255,APP,SAGE,Cora,0.3881856540084387,0.277264325323475,0.3155974893106879,0.1117658149825753
256,APP,GCN,Citeseer,0.2589094031773293,0.2586466165413534,0.1507293117374364,0.1719665568644652
257,APP,GAT,Citeseer,0.2524688707599828,0.2165413533834586,0.1707811121588233,0.1679745340939376
258,APP,SAGE,Citeseer,0.3387720051524259,0.3233082706766917,0.2765811825591738,0.2765726743457038
259,LapEigen,GCN,Cora,0.6223628691983122,0.5914972273567468,0.5248705851955472,0.4982753275920514
260,LapEigen,GAT,Cora,0.8491561181434599,0.8133086876155268,0.8356214639651072,0.7895398851513127
261,LapEigen,SAGE,Cora,0.8359704641350211,0.7726432532347505,0.817023303400154,0.7345778841171436
262,LapEigen,GCN,Citeseer,0.7028767711464148,0.6571428571428571,0.6405089490679221,0.5915476350656128
263,LapEigen,GAT,Citeseer,0.7483898668956634,0.7338345864661654,0.6993699355135767,0.6780790555369025
264,LapEigen,SAGE,Citeseer,0.7509660798626019,0.7248120300751879,0.7058400703546718,0.668405591979394
265,VERSE_Adj,GCN,chameleon,0.4360100376411543,0.3384615384615385,0.4272474517769596,0.3200547474913406
266,VERSE_SR,GCN,chameleon,0.4617314930991217,0.3648351648351648,0.4595139354863787,0.3405152012051113
267,VERSE_PPR,GCN,chameleon,0.4573400250941029,0.367032967032967,0.4561584368015955,0.3461286313637578
268,DeepWalk,GCN,chameleon,0.5119196988707654,0.3934065934065934,0.5058059925645101,0.3848052258988997
269,Node2Vec,GCN,chameleon,0.479297365119197,0.389010989010989,0.4686402861149572,0.3708384824903645
